<?xml version="1.0" encoding="UTF-8"?>
<beans xmlns="http://www.springframework.org/schema/beans"
   xmlns:task="http://www.springframework.org/schema/task" 
   xmlns:aop="http://www.springframework.org/schema/aop" 
   xmlns:context="http://www.springframework.org/schema/context"
   xmlns:mvc="http://www.springframework.org/schema/mvc"
   xmlns:p="http://www.springframework.org/schema/p"
   xmlns:c="http://www.springframework.org/schema/c"
   xmlns:xsi="http://www.w3.org/2001/XMLSchema-instance"
   xmlns:util="http://www.springframework.org/schema/util"
   xmlns:websocket="http://www.springframework.org/schema/websocket"
   xmlns:sec="http://www.springframework.org/schema/security"
   xmlns:tx="http://www.springframework.org/schema/tx" 
    
   xsi:schemaLocation="http://www.springframework.org/schema/beans
       http://www.springframework.org/schema/beans/spring-beans.xsd
       http://www.springframework.org/schema/task
       http://www.springframework.org/schema/task/spring-task.xsd       
        http://www.springframework.org/schema/aop
       http://www.springframework.org/schema/aop/spring-aop.xsd
       http://www.springframework.org/schema/context
       http://www.springframework.org/schema/context/spring-context.xsd
        http://www.springframework.org/schema/mvc
      http://www.springframework.org/schema/mvc/spring-mvc.xsd     
        http://www.springframework.org/schema/util
       http://www.springframework.org/schema/util/spring-util.xsd
         http://www.springframework.org/schema/websocket
      http://www.springframework.org/schema/websocket/spring-websocket.xsd
       http://www.springframework.org/schema/security
       http://www.springframework.org/schema/security/spring-security.xsd   
       http://www.springframework.org/schema/tx
       http://www.springframework.org/schema/tx/spring-tx.xsd   
      ">
      <bean class="springweb.a01_start.A01_StartController"></bean>
      <bean class="springweb.a01_start.A02_CallController"></bean>
      <bean class="springweb.a01_start.A03_CallMVC"></bean>
      <bean class="springweb.a01_start.A04_ModelView"></bean>
      <bean class="springweb.a01_start.A05_MVC_Controller"></bean>
      <bean class="springweb.a02_emp.A01_EmpController"></bean>
</beans>      
