<?xml version="1.0" encoding="UTF-8"?>
<beans xmlns="http://www.springframework.org/schema/beans"
   xmlns:task="http://www.springframework.org/schema/task" 
   xmlns:aop="http://www.springframework.org/schema/aop" 
   xmlns:context="http://www.springframework.org/schema/context"
   xmlns:mvc="http://www.springframework.org/schema/mvc"
   xmlns:p="http://www.springframework.org/schema/p"
   xmlns:c="http://www.springframework.org/schema/c"
   xmlns:xsi="http://www.w3.org/2001/XMLSchema-instance"
   xmlns:util="http://www.springframework.org/schema/util"
   xmlns:websocket="http://www.springframework.org/schema/websocket"
   xmlns:sec="http://www.springframework.org/schema/security"
   xmlns:tx="http://www.springframework.org/schema/tx" 
    
   xsi:schemaLocation="http://www.springframework.org/schema/beans
       http://www.springframework.org/schema/beans/spring-beans.xsd
       http://www.springframework.org/schema/task
       http://www.springframework.org/schema/task/spring-task.xsd       
        http://www.springframework.org/schema/aop
       http://www.springframework.org/schema/aop/spring-aop.xsd
       http://www.springframework.org/schema/context
       http://www.springframework.org/schema/context/spring-context.xsd
        http://www.springframework.org/schema/mvc
      http://www.springframework.org/schema/mvc/spring-mvc.xsd     
        http://www.springframework.org/schema/util
       http://www.springframework.org/schema/util/spring-util.xsd
         http://www.springframework.org/schema/websocket
      http://www.springframework.org/schema/websocket/spring-websocket.xsd
       http://www.springframework.org/schema/security
       http://www.springframework.org/schema/security/spring-security.xsd   
       http://www.springframework.org/schema/tx
       http://www.springframework.org/schema/tx/spring-tx.xsd   
      ">
      <bean id="obj" class="java.lang.Object"></bean>
      <!-- 
      Person p01 = new Person();
      p01.setName("홍길동");
      p01.setAge(25);
      p01.setLoc("서울");
       -->
       <bean id="p01" class="backWeb.z01_vo.Person">
       		<property name="name" value="홍길동"></property>
       		<property name="age" value="25"></property>
       		<property name="loc" value="서울"></property>
       </bean>  
       <!-- 
       Product prod01
        -->
       <bean id="prod01" class="backWeb.z01_vo.Product">
       		<property name="name" value="사과"></property>
       		<property name="price" value="2500"></property>
       		<property name="cnt" value="5"></property>
       </bean> 
       <!--
       Person p02 = new Person("마길동",25,"대전");
        -->
        <bean id="p02" class="backWeb.z01_vo.Person">
        	<constructor-arg value="마길동"/>
        	<constructor-arg value="25"/>
        	<constructor-arg value="대전"/>
        </bean>
        <bean id="m01" class="backWeb.z01_vo.Music">
        	<constructor-arg value="좋은날"/>
        	<constructor-arg value="아이유"/>
        	<constructor-arg value="2012"/>
        </bean>
</beans>      









