<?xml version="1.0" encoding="UTF-8"?>
<beans xmlns="http://www.springframework.org/schema/beans"
   xmlns:task="http://www.springframework.org/schema/task" 
   xmlns:aop="http://www.springframework.org/schema/aop" 
   xmlns:context="http://www.springframework.org/schema/context"
   xmlns:mvc="http://www.springframework.org/schema/mvc"
   xmlns:p="http://www.springframework.org/schema/p"
   xmlns:c="http://www.springframework.org/schema/c"
   xmlns:xsi="http://www.w3.org/2001/XMLSchema-instance"
   xmlns:util="http://www.springframework.org/schema/util"
   xmlns:websocket="http://www.springframework.org/schema/websocket"
   xmlns:sec="http://www.springframework.org/schema/security"
   xmlns:tx="http://www.springframework.org/schema/tx" 
    
   xsi:schemaLocation="http://www.springframework.org/schema/beans
       http://www.springframework.org/schema/beans/spring-beans.xsd
       http://www.springframework.org/schema/task
       http://www.springframework.org/schema/task/spring-task.xsd       
        http://www.springframework.org/schema/aop
       http://www.springframework.org/schema/aop/spring-aop.xsd
       http://www.springframework.org/schema/context
       http://www.springframework.org/schema/context/spring-context.xsd
        http://www.springframework.org/schema/mvc
      http://www.springframework.org/schema/mvc/spring-mvc.xsd     
        http://www.springframework.org/schema/util
       http://www.springframework.org/schema/util/spring-util.xsd
         http://www.springframework.org/schema/websocket
      http://www.springframework.org/schema/websocket/spring-websocket.xsd
       http://www.springframework.org/schema/security
       http://www.springframework.org/schema/security/spring-security.xsd   
       http://www.springframework.org/schema/tx
       http://www.springframework.org/schema/tx/spring-tx.xsd   
      ">
	<bean id="obj" class="java.lang.Object"/>
<!-- 
# 1:다 관계 객체 활용
1. 객체 구조 예시
	쇼핑몰안에 판매하는 물품들
	회사안에 여러 사원들
	단일 객체안에 여러 다중의 객체들을 할당하는 구조를 말한다.
2. java 클래스 선언..
	1) 포함될 다중 객체를 위한 class 선언
		class Product
			물건명, 가격, 갯수
	2) 포함할 객체 class 선언
		class Mart
			마트명
			List<Product> plist
			
			// 1:다관계 할당 메서드
			void setProductList(List<Product> list)
				this.plist = list
			// 2. 1:다관계 표현 메서드
			void showBuyList(){
				@@ 마트에서 구매한 물건들
				for(Product prod:plist){
					물건명 가격 갯수 출력...
				}
			}
3. 위 내용을 xml 컨테이너에 의해 표현하기
	0) 포함될 객체
		<bean id="pro01"
		<bean id="pro02"
		<bean id="pro03"
	1) set Property 설정 부분..
		<property name="productList>
			<list>
				<ref bean="pro01">
				<ref bean="pro02">
				<ref bean="pro03">
						
 -->	
	<bean id="prod01" class="a01_diexp.z01_vo.Product">
		<constructor-arg value="사과"/>
		<constructor-arg value="3000"/>
		<constructor-arg value="2"/>
	</bean> 
	<bean id="prod02" class="a01_diexp.z01_vo.Product">
		<constructor-arg value="바나나"/>
		<constructor-arg value="4000"/>
		<constructor-arg value="3"/>
	</bean> 
	<bean id="prod03" class="a01_diexp.z01_vo.Product">
		<constructor-arg value="딸기"/>
		<constructor-arg value="12000"/>
		<constructor-arg value="4"/>
	</bean> 
	<bean id="m01" class="a01_diexp.z01_vo.Mart">
		<constructor-arg value="행복마트"/>
		<property name="plist">
			<list>
				<ref bean="prod01"/>
				<ref bean="prod02"/>
				<ref bean="prod03"/>
			</list>
		</property>
	
	</bean> 
 
	
	      
</beans>   


   
